{"cameraMode":{"drawMode":0,"name":"Shaded","section":"Shading Mode"},"sceneLighting":false,"audioPlay":false,"sceneViewState":{"m_AlwaysRefresh":false,"showFog":true,"showSkybox":false,"showFlares":true,"showImageEffects":true,"showParticleSystems":true,"showVisualEffectGraphs":true,"m_FxEnabled":true},"in2DMode":false,"pivot":{"x":-4.805624485015869e-7,"y":2.7015597820281984,"z":-9.451164245605469},"rotation":{"x":0.033417996019124988,"y":-0.8822181820869446,"z":-0.06335602700710297,"w":-0.4653589725494385},"size":0.12058097124099732,"orthographic":false}